GENERATION_PROJECT,build_year,gen_overnight_cost,gen_fixed_om,gen_storage_energy_overnight_cost
PAIPA 1,1963,3076000,143220,.
ZIPAEMG2,1964,1420000,143220,.
PAIPA 2,1975,3076000,143220,.
ZIPAEMG3,1976,1421000,143220,.
BARRANQUILL3,1980,1254000,143220,.
BARRANQUILL4,1980,1256000,143220,.
CARTAGENA2,1980,1273000,143220,.
CARTAGENA3,1980,1275000,143220,.
H_SanJosMoII,1980,3083000,43780,.
RIOGRANDE 1,1980,3083000,43780,.
T_AutArCairo,1980,3076000,143220,.
T_TermYopal1,1980,1396000,143220,.
ZIPAEMG4,1981,1422000,143220,.
PAIPA 3,1982,3076000,143220,.
GUAJIRA1,1983,1311000,143220,.
H_Ayura,1983,3083000,43780,.
TASAJERO 1,1985,1389000,143220,.
ZIPAEMG5,1985,1423000,143220,.
GUAJIRA2,1987,1313000,143220,.
SAN CARLOS,1987,1384000,43780,.
FLORES 1,1993,1307000,143220,.
PROELECTRIC1,1993,1367000,143220,.
PROELECTRIC2,1993,1369000,143220,.
LA TASAJERA,1994,1323000,43780,.
CARTAGENA1,1995,1271000,143220,.
TERMODORADA1,1997,1403000,143220,.
MERILECTRICA,1998,1343000,143220,.
TEBSAB,1998,1393000,143220,.
TERMOSIERRA,1998,1406000,143220,.
PAIPA 4,1999,3076000,143220,.
TERMOEMCALI,1999,3076000,143220,.
CANDELARIA,2000,1267000,143220,.
TERMOCENTRO,2000,1401000,143220,.
PORCE II,2001,1363000,43780,.
MIEL I,2002,1344000,43780,.
PORCE III,2002,1364000,43780,.
H_ElLimonar,2003,3083000,43780,.
H_LAGUNETA,2014,3083000,43780,.
TERMO YOPAL2,2004,1397000,143220,.
FLORES4,2010,3076000,143220,.
TERMOVALLE,2011,3076000,143220,.
DARIO VALENC,2014,1293000,43780,.
SALTO II,2014,1382000,43780,.
EL QUIMBO,2015,1298000,43780,.
TASAJERO 2,2015,1390000,143220,.
TC_GECELCA3,2015,1391000,143220,.
TC_GECELCA32,2018,1391000,143220,.
TERMONORTE,2018,1405000,143220,.
TERMOYOPALG3,2020,3076000,143220,.
TERMOYOPALG4,2020,3076000,143220,.
TERMOYOPALG5,2021,3076000,143220,.
ELTESORITO,2022,3076000,143220,.
H_RioCali,1925,3083000,43780,.
H_SanCancio,1929,3083000,43780,.
H_PaticoCab,1930,3083000,43780,.
H_Asnazu,1934,3083000,43780,.
H_Caracoli,2023,3083000,43780,.
H_ElBosque,1935,3083000,43780,.
H_Municipal,1935,3083000,43780,.
H_Union,1935,3083000,43780,.
H_Belmonte,1939,3083000,43780,.
H_Ovejas,1939,3083000,43780,.
H_Nima,1942,3083000,43780,.
H_Bayona,1943,3083000,43780,.
H_Cascada,1954,3083000,43780,.
H_CascadaAbe,2007,3083000,43780,.
H_LasPalmas,1954,3083000,43780,.
H_RioFrioI,1954,3083000,43780,.
H_RioSapuye,1954,3083000,43780,.
H_IquiraI,1955,3083000,43780,.
H_CampestreC,1956,3083000,43780,.
H_VentanaA,1957,3083000,43780,.
H_VentanaB,1957,3083000,43780,.
H_Mondomo,1958,3083000,43780,.
H_Rio_Recio,1958,3083000,43780,.
H_RioBobo,1960,3083000,43780,.
H_RioPalo,1960,3083000,43780,.
ESMERALDA,1963,1304000,43780,.
H_IquiraII,1965,3083000,43780,.
H_LaPita,1965,3083000,43780,.
CALIMA,1967,1264000,43780,.
SANFRANCISCO,1969,1385000,43780,.
PRADO,1973,1365000,43780,.
H_Florida,1975,3083000,43780,.
CHIVOR,1977,1281000,43780,.
GUATAPE,1980,1317000,43780,.
H_AuresBajo,1980,3083000,43780,.
H_Barrancas,1980,3083000,43780,.
H_Cantayus,1980,3083000,43780,.
H_Cauya,1980,3083000,43780,.
H_Chorrera,1980,3083000,43780,.
H_PalmasSanGil,1954,3083000,43780,.
H_Cocuyo,1980,3083000,43780,.
H_Coello,1980,3083000,43780,.
H_ElEden,1980,3083000,43780,.
H_ElMolino,1980,3083000,43780,.
H_Frisolera,1980,3083000,43780,.
H_Guaviomeno,1980,3083000,43780,.
H_JuanGarcia,1980,3083000,43780,.
H_LaRebusca,1980,3083000,43780,.
H_Libertad,1980,3083000,43780,.
H_LuzMaI,1980,3083000,43780,.
H_LuzMaII,1980,3083000,43780,.
H_Magallo,1980,3083000,43780,.
H_MorroAzul,1980,1348000,43780,.
H_Naveta,1980,3083000,43780,.
H_Oibita,2023,3083000,43780,.
H_Pocune,1980,3083000,43780,.
H_Porce3Meno,1980,3083000,43780,.
H_ProvidencI,1980,1371000,43780,.
H_RioFrioTam,1980,3083000,43780,.
H_RioMulato2,1980,3083000,43780,.
H_RioNegro,1980,3083000,43780,.
H_SanAndres2,1980,3083000,43780,.
H_SanMatias,1980,3083000,43780,.
H_SBartolome,2023,3083000,43780,.
H_TuluaBajo,1980,1416000,43780,.
H_Tunjita,1980,1418000,43780,.
H_Violetas,1980,3083000,43780,.
H_Zeus,1980,3083000,43780,.
INSULA,1980,1319000,43780,.
PRADO4,1980,1366000,43780,.
TEQUEND1-4,1980,3083000,43780,.
BETANIA,1987,1259000,43780,.
JAGUAS,1988,1320000,43780,.
PLAYAS,1988,1362000,43780,.
H_Guacaica,1992,3083000,43780,.
GUAVIO,1993,1318000,43780,.
H_Niquia,1993,3083000,43780,.
H_Nuevoliba,1994,3083000,43780,.
H_Silvia,1994,3083000,43780,.
H_RioMayo,1995,3083000,43780,.
H_Sajandi,1995,3083000,43780,.
SALVAJINA,1995,1383000,43780,.
CALDERAS,1996,1263000,43780,.
H_RioFrioII,1996,3083000,43780,.
H_America,1997,3083000,43780,.
H_Pajarito,1999,3083000,43780,.
H_Rumor,1999,3083000,43780,.
H_Coconuco,2000,3083000,43780,.
H_RioPiedras,2000,3083000,43780,.
URRA,2000,3083000,43780,.
H_Puente_Gui,2001,3083000,43780,.
H_Sueva2,2002,3083000,43780,.
CHARQUITO,2003,3083000,43780,.
H_SanJose,2003,3083000,43780,.
H_AutCemNare,2004,3083000,43780,.
H_Herradura,2004,3083000,43780,.
H_La_Vuelta,2004,3083000,43780,.
H_Mirolindo,2004,3083000,43780,.
H_Pastales,2004,3083000,43780,.
H_SantaAna,2005,3083000,43780,.
H_AguaFresca,2007,1243000,43780,.
H_Amalfi,2007,3083000,43780,.
H_CascadaAnt,2007,3083000,43780,.
H_CascadaGra,2023,3083000,43780,.
H_Bello,1997,3083000,43780,.
H_Remedios,2007,3083000,43780,.
H_RioGrande,2007,3083000,43780,.
H_Urrao,2007,3083000,43780,.
H_Inza,2009,3083000,43780,.
H_Amaime,2010,1246000,43780,.
H_Caruquia,2010,1277000,43780,.
H_Currucucue,2010,3083000,43780,.
H_Guanaquita,2010,1315000,43780,.
H_SantaRita,2010,3083000,43780,.
H_Santiago,2010,3083000,43780,.
H_Barroso,2012,1258000,43780,.
H_Montanitas,2012,1347000,43780,.
H_SFrancisPu,2012,3083000,43780,.
H_TuluaAlto,2012,1415000,43780,.
AMOYA,2013,1247000,43780,.
H_Suba,2013,3083000,43780,.
H_Usaquen,2013,3083000,43780,.
H_AutGold,2022,3083000,43780,.
H_ElPopal,2014,1301000,43780,.
SOGAMOSO,2014,1388000,43780,.
C_LLERAS_R,2015,1262000,43780,.
CUCUANA,2015,1292000,43780,.
SNMIGUEL,2015,1387000,43780,.
H_Alejandria,2016,1244000,43780,.
S_SolBolivar,2018,1327000,15970,.
S_Yumbo,2017,1327000,15970,.
ESCUELAMINAS,2019,3083000,43780,.
S_Cabelleros,2021,1327000,15970,.
S_Montelibano,2022,1327000,15970,.
S_Lanceros,2023,1327000,15970,.
S_SanFelipe,2023,1327000,15970,.
S_Cienaguero,2023,1327000,15970,.
S_Yuma,2023,1327000,15970,.
S_Tucanes,2022,1327000,15970,.
S_Paila,2021,1327000,15970,.
S_Aurora,2022,1327000,15970,.
S_Cerrito,2021,1327000,15970,.
S_Medin,2021,1327000,15970,.
S_Sierpe,2021,1327000,15970,.
S_Victoria_I,2023,1327000,15970,.
S_Victoria_II,2023,1327000,15970,.
S_Flandes,2023,1327000,15970,.
S_BSLI,2020,1327000,15970,.
S_BSLII,2021,1327000,15970,.
S_BSLIII,2020,1327000,15970,.
S_TierraLind,2023,1327000,15970,.
S_Tolua,2023,1327000,15970,.
ITUANGO,2022,3083000,43780,.
H_PAGUA,1986,1317000,43780,.
H_GUATRON,1966,1259000,43780,.
H_ALBAN,2000,1363000,43780,.
S_Dulima,2023,1327000,15970,.
S_Cauca,2022,1327000,15970,.
S_Ferch2,2022,1327000,15970,.
S_Salado,2023,1327000,15970,.
S_AutJeans,2023,1327000,15970,.
S_AutPintuco,2023,1327000,15970,.
S_Palmira3,2023,1327000,15970,.
S_Belmonte,2021,1327000,15970,.
S_Termotasajero,2022,1327000,15970,.
S_Espinal,2020,1327000,15970,.
S_Girasoles,2023,1327000,15970,.
S_PortonSol,2023,1327000,15970,.
S_Since,2022,1327000,15970,.
S_HeliosI,2022,1327000,15970,.
E_Jepirachi,2004,1718000,27570,.
E_Wesp01,2022,1718000,27570,.
E_GuajiraI,2023,1718000,27570,.
S_Fundacion,2023,1327000,15970,.
S_PetaCesaII,2023,1327000,15970,.
S_BayuncaI,2020,1327000,15970,.
S_Palmira3_Franca,2023,1327000,15970,.
S_SalvadorI,2023,1327000,15970,.
S_SalvadorII,2023,1327000,15970,.
S_AutSolla,2023,1327000,15970,.
S_AutEncanto,2023,1327000,15970,.
S_Uruaco,2023,1327000,15970,.
S_Harinas,2022,1327000,15970,.
S_AutLevapan,2022,1327000,15970,.
S_AutGragas,2023,1327000,15970,.
S_Carmelo,2020,1327000,15970,.
E_ParqueAlph,2029,1718000,27570,.
E_ParqueBeta,2029,1718000,27570,.
E_Camelia,2028,1718000,27570,.
E_Windpeshi,2028,1718000,27570,.
S_BSLlanos4,2021,1327000,15970,.
S_BSLlanos5,2021,1327000,15970,.
S_CaracoliI,2024,1327000,15970,.
S_LaLoma,2024,1327000,15970,.
S_ParqueUrra,2024,1327000,15970,.
S_Tepuy,2024,1327000,15970,.
S_El_Paso,2023,1327000,15970,.
S_LaMata,2024,1327000,15970,.
S_Escobal6,2026,1327000,15970,.
S_Union,2024,1327000,15970,.
S_Nabusimake,2024,1327000,15970,.
S_Guayepo,2024,1327000,15970,.
S_Sunnorte,2024,1327000,15970,.
E_CasaElec,2027,1718000,27570,.
E_Apoto,2027,1718000,27570,.
TermoCaribe3,2024,1307000,143220,.
DST_Surocciden,2024,1336275,15836,.
DST_Surocciden,2025,1230278,14580,.
DST_Surocciden,2026,1139655,13506,.
DST_Surocciden,2027,1052544,12474,.
DST_Surocciden,2028,973398,11536,.
DST_Surocciden,2029,899744,10663,.
DST_Surocciden,2030,830957,9848,.
DST_Surocciden,2031,769831,9123,.
DST_Surocciden,2032,715463,8479,.
DST_Surocciden,2033,666505,7899,.
DST_Surocciden,2034,620895,7358,.
DST_Surocciden,2035,581751,6894,.
DST_Surocciden,2036,544209,6449,.
DST_Surocciden,2037,515449,6108,.
DST_Caribe,2024,1336275,15836,.
DST_Caribe,2025,1230278,14580,.
DST_Caribe,2026,1139655,13506,.
DST_Caribe,2027,1052544,12474,.
DST_Caribe,2028,973398,11536,.
DST_Caribe,2029,899744,10663,.
DST_Caribe,2030,830957,9848,.
DST_Caribe,2031,769831,9123,.
DST_Caribe,2032,715463,8479,.
DST_Caribe,2033,666505,7899,.
DST_Caribe,2034,620895,7358,.
DST_Caribe,2035,581751,6894,.
DST_Caribe,2036,544209,6449,.
DST_Caribe,2037,515449,6108,.
DST_Oriental,2024,1336275,15836,.
DST_Oriental,2025,1230278,14580,.
DST_Oriental,2026,1139655,13506,.
DST_Oriental,2027,1052544,12474,.
DST_Oriental,2028,973398,11536,.
DST_Oriental,2029,899744,10663,.
DST_Oriental,2030,830957,9848,.
DST_Oriental,2031,769831,9123,.
DST_Oriental,2032,715463,8479,.
DST_Oriental,2033,666505,7899,.
DST_Oriental,2034,620895,7358,.
DST_Oriental,2035,581751,6894,.
DST_Oriental,2036,544209,6449,.
DST_Oriental,2037,515449,6108,.
DST_Antioquia,2024,1336275,15836,.
DST_Antioquia,2025,1230278,14580,.
DST_Antioquia,2026,1139655,13506,.
DST_Antioquia,2027,1052544,12474,.
DST_Antioquia,2028,973398,11536,.
DST_Antioquia,2029,899744,10663,.
DST_Antioquia,2030,830957,9848,.
DST_Antioquia,2031,769831,9123,.
DST_Antioquia,2032,715463,8479,.
DST_Antioquia,2033,666505,7899,.
DST_Antioquia,2034,620895,7358,.
DST_Antioquia,2035,581751,6894,.
DST_Antioquia,2036,544209,6449,.
DST_Antioquia,2037,515449,6108,.
DST_Nordeste,2024,1336275,15836,.
DST_Nordeste,2025,1230278,14580,.
DST_Nordeste,2026,1139655,13506,.
DST_Nordeste,2027,1052544,12474,.
DST_Nordeste,2028,973398,11536,.
DST_Nordeste,2029,899744,10663,.
DST_Nordeste,2030,830957,9848,.
DST_Nordeste,2031,769831,9123,.
DST_Nordeste,2032,715463,8479,.
DST_Nordeste,2033,666505,7899,.
DST_Nordeste,2034,620895,7358,.
DST_Nordeste,2035,581751,6894,.
DST_Nordeste,2036,544209,6449,.
DST_Nordeste,2037,515449,6108,.
